{"client_meta":{"background_color":{"r":0.11764705926179886,"g":0.11764705926179886,"b":0.11764705926179886,"a":1},"thumbnail_size":{"width":240,"height":400},"render_coordinates":{"x":602,"y":-6,"width":4556.8798828125,"height":7597}},"file_name":"Untitled","developer_related_links":[],"exported_at":"2026-05-04T10:50:24.060Z"}